"original","translated"
"–∞—Ä–∑–∞–Ω","inexpensive"
"—Ä–∞–±–æ—Ç–∞–µ—Ç)","works)"
"—Ç–µ–ª–µ—Ñ–æ–Ω –æ—Ç–ª–∏—á–Ω—ã–π –ø–æ –¥–æ—Å—Ç—É–ø–Ω–æ–π —Ü–µ–Ω–µ –Ω–µ –≤–∏—Å–Ω–µ—Ç –Ω–µ –ª–∞–≥–∞–µ—Ç –ø–æ–¥–¥–µ—Ä–∂–∏–≤–∞–µ—Ç —Ç—è–∂—ë–ª—ã–µ –∏–≥—Ä—ã. —Ä–µ–∫–æ–º–µ–Ω–¥—É—é","The phone is excellent at an affordable price does not hang does not lag supports heavy games. I recommend"
"–ù–µ —Å–æ–¥–µ—Ä–∂–∏—Ç –≤—Å—Ç—Ä–æ–µ–Ω–Ω—ã–µ –ø—Ä–∏–ª–æ–∂–µ–Ω–∏—è –æ—Ç Google. –ë–æ–ª—å—à–æ–π –æ–±—ä—ë–º –æ–ø–µ—Ä–∞—Ç–∏–≤–Ω–æ–π –∏ –≤–Ω—É—Ç—Ä–µ–Ω–Ω–µ–π –ø–∞–º—è—Ç–∏. –í–µ—á–∞—Ç–ª—è—é—â–∞—è –∫–∞–º–µ—Ä–∞.","Does not contain built -in applications from Google. A large amount of RAM and internal memory. Enlightenment camera."
"–æ—á–µ–Ω—å —Ö–æ—Ä–æ—à–∏–π —Ç–µ–ª–µ—Ñ–æ–Ω","Very good phone"
"“õ–æ—Å—ã–º—à–∞–ª–∞—Ä—ã –∫”©–ø, ”ô—Ä —Ç“Ø—Ä–ª—ñ ”ô–ª–µ—É–º–µ—Ç—Ç—ñ–∫ –∂–µ–ª—ñ–ª–µ—Ä –∂“Ø–∫—Ç–µ–ª–≥–µ–Ω","a lot of attachments, diverse social networks are loaded"
"–º–æ—â–Ω—ã–π","powerful"
"—Ç–µ–ª–µ—Ñ–æ–Ω –æ–≥–æ–Ω—å, –Ω–∞ —Å—á—ë—Ç –∏–≥—Ä –Ω–µ –∑–Ω–∞—é, –±—Ä–∞–ª —Å—É–ø—Ä—É–≥–µ, –¥–≤–æ–µ —Å—É—Ç–æ–∫ —Å–ø–æ–∫–æ–π–Ω–æ –¥–µ—Ä–∂–∏—Ç—Å—è –±–µ–∑ –∑–∞–ø—è–¥–∫–∏","The phone is fire, I don‚Äôt know at the expense of games, I took my wife, for two days it calmly holds without aim"
"–•–æ—Ä–æ—à–∏–π —Ñ–ª–∞–≥–º–∞–Ω","A good flagship"
"–í—Å—ë –æ—Ç–ª–∏—á–Ω–æ,—Ä–∞–±–æ—Ç–∞–µ—Ç –Ω–∞ —É—Ä–∞ .","Everything is fine, works with a bang."
"–Ω–∞ 100 üíØ","per 100 üíØ"
"–ø–æ–∫–∞ –¥–æ—á–∫–∞ –¥–æ–≤–æ–ª—å–Ω–∞","While my daughter is happy"
"–û—Ç–ª–∏—á–Ω—ã–π —Å–º–∞—Ä—Ç—Ñ–æ–Ω","Great smartphone"
"–ê–º–∏—Ä –ª—É—á—à–∏–π –ø—Ä–æ–¥–∞–≤–µ—Ü","Amir is the best seller"
"Apple –µ—Å—Ç—å Apple","Apple is Apple"
"–û—Ç–ª–∏—á–Ω—ã–π —Ç–µ–ª–µ—Ñ–æ–Ω, –æ—á–µ–Ω—å —à—É—Å—Ç—Ä—ã–π, –∫–ª–∞—Å—Å–Ω–∞—è –∫–∞–º–µ—Ä–∞ –∏ —Å—É–ø–µ—Ä—Å–∫–∏–π –¥–∏—Å–ø–ª–µ–π. Face id –Ω–∞ –∞–Ω–¥—Ä–æ–∏–¥!","Great phone, very nimble, cool camera and super display. Face ID for Android!"
"–ö–ª–∞—Å—Å–Ω—ã–π —Ç–µ–ª–µ—Ñ–æ–Ω, –∫–∞–º–µ—Ä–∞, –∑–∞—Ä—è–¥–∫–∞, —à—É—Å—Ç—Ä—ã–π","Cool phone, camera, charging, nimble"
"–ö–∞–º–µ—Ä–∞—Å—ã –∫–µ—Ä–µ–º–µ—Ç –µ–∫–µ–Ω.  –ö–∏–Ω–æ —ç—Ñ—Ñ–µ–∫—Ç –¥–µ–≥–µ–Ω —Ç—ñ–ø—Ç—ñ —Å—É–ø–µ—Ä.","The camera is great.  The film is even super."
"–ë–µ—Ç–∞—Ä–µ—é –¥–æ–ª–≥–æ –¥–µ—Ä–∂–∏—Ç, –∑–≤—É–∫ –¥–∏–Ω–∞–º–∏–∫–æ–≤ –≥—Ä–æ–º–∫–∏–π","Betraye holds for a long time, the sound of the speakers loud"
"–±–æ–Ω—É—Å “õ–∞–π–¥–∞","where is the bonus"
"–ü—Ä–æ –≤–µ—Ä—Å–∏—è","Pro"
"—è—Ä–∫–æ—Å—Ç—å —ç–∫—Ä–∞–Ω–∞ –∏ —á–µ—Ä–µ–∑ –º–µ—Å—è—Ü —É–∂–µ –∑–∞–≤–∏—Å–∞–µ—Ç","The brightness of the screen and after a month already hangs"
"–¢–µ–ª–µ—Ñ–æ–Ω —Ö–æ—Ä–æ—à—ã–π","The phone is good"
"–æ—Ç–ª–∏—á–Ω—ã–π —Ç–µ–ª–µ—Ñ–æ–Ω –∑–∞ —Ç–∞–∫–∏–µ –¥–µ–Ω—å–≥–∏!","Great phone for that kind of money!"
"–æ—Ç–ª–∏—á–Ω–æ","Great"
"–í—Å—ë —Ä–∞–±–æ—Ç–∞–µ—Ç","Everything works"
"—Ç–æ —á—Ç–æ 8–ì–± –æ–ø–µ—Ä–∞—Ç–∏–≤–Ω–æ–π –ø–∞–º—è—Ç–∏","that 8GB of RAM"
"–æ–∑—É","ozu"
"—Ç–µ–ª –æ—á–µ–Ω—å —Ö–æ—Ä–æ—à–∏–π,  —Ä–µ–∞–≥–∏—Ä–æ–≤–∞–Ω–∏–µ –±—ã—Å—Ç—Ä–æ","The bodies are very good, the response is fast"
"–•–æ—Ä–æ—à–∏–π –∞–ø–ø–∞—Ä–∞—Ç","Good device"
"–∫–∞—á–µ—Å—Ç–≤–æ, —Å–∫–æ—Ä–æ—Å—Ç—å —Ä–∞–±–æ—Ç—ã, –∫–∞–º–µ—Ä—ã —Å—É–ø–µ—Ä","quality, speed, cameras super"
"–•–æ—Ä–æ—à–∏–π —Å–º–∞—Ä—Ç—Ñ–æ–Ω","Good smartphone"
"–û—Ç–ª–∏—á–Ω—ã–π —Ç–µ–ª–µ—Ñ–æ–Ω, —Ä–µ–∫–æ–º–µ–Ω–¥—É—é—Ç—Å—è  –∫ –ø–æ–∫—É–ø–∫–µ","Great phone, recommended for purchase"
"–≤–µ—Å –Ω–æ—Ä–º–∞–ª—å–Ω—ã–π –Ω–µ —Ç—è–∂–µ–ª—ã–π, –µ—Å—Ç—å –æ—Ç–ø–µ—á–∞—Ç–æ–∫ –ø–∞–ª—å—Ü–∞ –∏ –ª–∏—Ü–∞.","The weight is not difficult, there is a fingerprint and face."
"–û—Ç–ª–∏—á–Ω–∞—è –∫–∞–º–µ—Ä–∞ , —Å—Ç–∏–ª—É—Å —É–¥–æ–±–µ–Ω —ç–∫—Ä–∞–Ω —à–∏–∫–∞—Ä–Ω—ã–π","Great camera, stylus is convenient for the screen chic"
"–®—É—Å—Ç—Ä—ã–π –º–∞–ª—ã–π ,–¥–æ—Å—Ç–æ–π–Ω—ã–π –ø—Ä–æ—Ü–µ—Å—Å–æ—Ä,–æ–±—ä–µ–º –ø–∞–º—è—Ç–∏ –ø—Ä–∏—è—Ç–Ω–æ —É–¥–∏–≤–∏–ª.–ë–∞—Ç–∞—Ä–µ—é –¥–µ—Ä–∂–∏—Ç –æ—Ç–ª–∏—á–Ω–æ!","The nimble small, worthy processor, the volume of memory pleasantly surprised. The battery holds perfectly!"
"–ö–∞—á–µ—Å—Ç–≤–∞ –æ—Ä–∏–≥–∏–Ω–∞–ª —Ç–∞–∑–∞","Quality of the original pelvis"
"–Ω–æ—Ä–º–∞–ª—å–Ω–æ","Fine"
"–Ø –≤ –≤–æ—Å—Ç–æ—Ä–≥–µ","I am delighted"
"—Å—É–ø–µ—Ä —Ç–µ–ª–µ—Ñ–æ–Ω","super phone"
"–¢–æ —á—Ç–æ —è —Ö–æ—Ç–µ–ª–∞ üòç","What I wanted $"
"—Å—Ç–æ–∏—Ç —Å–≤–æ–µ–π —Ü–µ–Ω—ã","It costs your price"
"–ó–∞—Ä—è–¥–∫–∞ –±—ã—Å—Ç—Ä–æ —Å–∞–¥–∏—Ç—Å—è. –ú–Ω–µ —Å–∫–∞–∑–∞–ª–∏ —á—Ç–æ –Ω–∞ 1.5 –¥–Ω—è —Ö–≤–∞—Ç–∏—Ç, –Ω–∞ –æ–¥–∏–Ω –¥–µ–Ω—å –µ–ª–∏ —Ö–≤–∞—Ç–∞–µ—Ç. –ñ–∞–ª–µ—é —á—Ç–æ –∫—É–ø–∏–ª–∞ –∑–∞ —Ç–∞–∫—É—é —Å—É–º–º—É.","Charging quickly sits down. I was told that enough for 1.5 days, they had enough ate. I regret that I bought for such an amount."
"–¥–∏–∑–∞–π–Ω —Ö–æ—Ä–æ—à–∏–π —Ç–µ–ª–µ—Ñ–æ–Ω —Ä–∞–±–æ—Ç–∞–µ—Ç –±–µ–∑ –ø—Ä–æ–±–ª–µ–º","The design is a good phone works without problems"
"—Å–º–∞—Ä—Ç—Ñ–æ–Ω –ª–µ—Ç–∞–µ—Ç. –Ω–µ –±–µ—Ä—É—Å—å –≥–æ–≤–æ—Ä–∏—Ç—å –∑–∞ –¥—Ä—É–≥–∏–µ –º–∞—Ä–∫–∏. —Å—Ä–∞–≤–Ω–∏–≤–∞—Ç—å –Ω–µ —Å —á–µ–º. 15 –ì–± (12+3) –æ–ø–µ—Ä–∞—Ç–∏–≤–Ω–æ–π —É–∂–µ –æ —á–µ–º —Ç–æ –≥–æ–≤–æ—Ä–∏—Ç.","The smartphone flies. I do not presume to speak for other brands. There is nothing to compare with. 15 GB (12+3) Operational is already talking about something."
"—Å—É–ø–µ—Ä –∂–µ–Ω–µ –Ω—Ä–∞–≤–∏—Ç—Å—è","Super wife likes it"
"–•–æ—Ä–æ—à–∏–π —Ç–µ–ª–µ—Ñ–æ–Ω –¥–ª—è –¥–µ—Ç–µ–π —Å–∞–º–æ–µ —Ç–æ","Good phone for children is the same"
"–û—á–µ–Ω—å —Ö–æ—Ä–æ—à–æ –ø—Ä–∏–≤–µ—Ç—Å—Ç–≤—É–µ—Ç –ø—Ä–∏—è—Ç–Ω–∞—è –æ–±—Å—Ç–∞–Ω–æ–≤–∫–∞ –ø—Ä–∏–≤–µ—Ç–ª–∏–≤—ã–µ —Å–æ—Ç—Ä—É–¥–Ω–∏–∫–∏ –ü—Ä–æ–¥–∞–≤–µ—Ü –û–∫—Å–∞–Ω–∞ —Å—É–ø–µ—Ä","Very well welcomed by a pleasant environment, friendly employees seller Oksana Super"
"–î–∏—Å–ø–ª–µ–π –ø–∞–º—è—Ç—å –û–ó–£ —Ñ–æ—Ä–º–∞ —Ç–µ–ª–µ—Ñ–æ–Ω–∞ –∑–≤—É–∫ double atmos —à–∏–∫–∞—Ä–Ω–æ","Display memory of RAM phone shape sound DOBLE Atmos is gorgeous"
"–•–æ—Ä–æ—à–∏–π —Å–æ–≤—Ä–µ–º–µ–Ω–Ω—ã–π —Å–º–∞—Ä—Ç—Ñ–æ–Ω.","Good modern smartphone."
"–£–¥–æ–±–Ω—ã–π –≤ –ø–æ–ª—å–∑–æ–≤–∞–Ω–∏–∏","Convenient in use"
"–æ—á–µ–Ω—å –∫–ª–∞—Å—Å–Ω—ã–π —Ç–µ–ª–µ—Ñ–æ–Ω —Å—É–ø–µ—Ä","Very cool phone super"
"–î–æ–ª–≥–æ –≥—Ä—É–∑–∏—Ç, –Ω–µ —Ö–≤–∞—Ç–∞–µ—Ç –æ–ø–µ—Ä–∞—Ç–∏–≤–Ω–æ–π –ø–∞–º—è—Ç–∏, —Ä–∞–±–æ—Ç–∞–µ—Ç —Ç—É–≥–æ","It loads for a long time, lacks RAM, it works tight"
"–∫–æ–º–ø–ª–µ–∫—Ç–∞—Ü–∏—è —Å–æ–æ—Ç–≤–µ—Ç—Å—Ç–≤—É–µ—Ç, —Å–º–∞—Ä—Ç—Ñ–æ–Ω —Å–≤–æ—é —Ä–∞–±–æ—Ç—É –≤—ã–ø–æ–ª–Ω—è–µ—Ç, –¥–ª—è —à–∫–æ–ª—å–Ω–∏–∫–∞ —Å–∞–º–æ–µ —Ç–æ.","The equipment corresponds, the smartphone performs its work, for the student the most."
"–¥–æ–≤–æ–ª—å–Ω—ã –∫–∞—á–µ—Å—Ç–≤–æ–º, –≤—Ç–æ—Ä–æ–π –Ω–∞ –ø–æ–¥–∞—Ä–æ–∫ –∫—É–ø–∏–ª–∏","satisfied with the quality, the second was bought for a gift"
"–û—Ç–ª–∏—á–Ω—ã–π —Ç–µ–ª–µ—Ñ–æ–Ω –∑–∞ —Å–≤–æ—é —Ü–µ–Ω—É.","Great phone for your price."
"–•–æ—Ä–æ—à–∏–π —Å–º–∞—Ä—Ç—Ñ–æ–Ω!","Good smartphone!"
"–º–æ—â–Ω—ã–π , –∫–æ–º–ø–∞–∫—Ç–Ω—ã–π —Å —Ö–æ—Ä–æ—à–µ–π –∫–∞–º–µ—Ä–æ–π , –∑–∞—Ä—è–¥ –¥–µ—Ä–∂–∏—Ç –Ω–æ—Ä–º–∞–ª—å–Ω–æ –∏ –Ω–µ—Ç –Ω–∞–≥—Ä–µ–≤–∞","powerful, compact with a good camera, the charge holds normally and no heating"
"–û—Ç–ª–∏—á–Ω–∞—è —Å–µ–ª—Ñ–∏ –∫–∞–º–µ—Ä–∞","Great selfie camera"
"—Ö–æ—Ä–æ—à–∏–π —Ç–µ–ª–µ—Ñ–æ–Ω, –±—Ä–∞–ª–∏ –≤ –ø–æ–¥–∞—Ä–æ–∫ —Å–≤–µ–∫—Ä–æ–≤–∫–µ","good phone, took the mother -in -law as a gift"
"–î–∏–∑–∞–π–Ω —Ü–≤–µ—Ç","Design color"
"5+","5+"
"–ø–æ–Ω—Ä–∞–≤–∏–ª—Å—è","I liked it"
"—Ç–µ–ª–µ—Ñ–æ–Ω ”©—Ç–µ –∂–∞“õ—Å—ã, –±–∞–ª–∞–º–∞ –∞–ª–¥—ã“õ, –∂–∞“õ—Å—ã “±–Ω–∞–¥—ã, –∫–∞–º–µ—Ä–∞—Å—ã ”©—Ç–µ –∫–µ—Ä–µ–º–µ—Ç","Phone is very good, I liked the alternative, well, camera is very cool"
"–û—Ç–ª–∏—á–Ω—ã–π —ç–∫—Ä–∞–Ω, –±–∞—Ç–∞—Ä–µ—è, –∑–∞—â–∏—Ç–∞ –Ω–∞ 360.","Great screen, battery, protection at 360."
"–û—Ç–ª–∏—á–Ω—ã–π –∫—Ä–µ–ø–∫–∏–π —Ç–µ–ª–µ—Ñ–æ–Ω","Great strong phone"
"–±—ã—Å—Ç—Ä—ã–π ,—É–¥–æ–±–Ω—ã–π, —Ö–æ—Ä–æ—à–æ –¥–µ—Ä–∂–∏—Ç –∑–∞—Ä—è–¥–∫—É","Fast, comfortable, holds charging well"
"–ö“Ø—à—Ç—ñ —Ç–µ–ª–µ—Ñ–æ–Ω","A strong phone"
"—Å—É–ø–µ—Ä –ø–æ–¥–∞—Ä–æ–∫ –¥–ª—è –∂–µ–Ω—ã","super gift for his wife"
"—Ç–µ–ª–µ—Ñ–æ–Ω –∫“Ø—à—Ç—ñ","The phone is strong"
"–∂–∞–∫—Å—ã","kind"
"–†–∞—Ö–º–µ—Ç","Thanks"
"—Ö–æ—Ä–æ—à–∏–π —Ç–µ–ª–µ—Ñ–æ–Ω,—è –¥–æ–≤–æ–ª—å–Ω–∞ –ø–æ–∫—É–ø–∫–æ–π.","Good phone, I am happy with the purchase."
"–û—Ç–ª–∏—á–Ω—ã–π —Ç–µ–ª–µ—Ñ–æ–Ω —Å—É–ø–µ—Ä —è—Ä–∫–∏–π,–≥—Ä–æ–º–∫–∏–π —à—É—Å—Ç—Ä—ã–π","Great phone is super bright, loud nimble"
"–û—Ç–ª–∏—á–Ω—ã–π —Ç–µ–ª–µ—Ñ–æ–Ω.","Great phone."
"–ñ–∞“õ—Å—ã  —Ç–µ–ª–µ—Ñ–æ–Ω –µ–∫–µ–Ω –±–∞–ª–∞–º “õ—É–∞–Ω—ã–ø “±—Å—Ç–∞–ø –∂“Ø—Ä —Ä–∞“õ–º–µ—Ç —ñ–Ω –∞–π—Ç—ã–ø","Good telephone is happy to keep thanking, thank you"
"–ë–æ–ª—å—à–æ–π —ç–∫—Ä–∞–Ω, –¥–æ—Å—Ç—É–ø–Ω–∞—è —Ü–µ–Ω–∞, –Ω–∞–ª–∏—á–∏–µ —á–µ—Ö–ª–∞ –∏ —Ç–æ–Ω–∫–æ–π –ø–ª–µ–Ω–∫–∏ –æ—Ç —Ü–∞—Ä–∞–ø–∏–Ω","Large screen, affordable price, the presence of a case and a thin film from scratches"
"–ï—Å—Ç—å –≤—Å–µ —á—Ç–æ –Ω–µ–æ–±—Ö–æ–¥–∏–º–æ –¥–ª—è —Å–æ–≤—Ä–µ–º–µ–Ω–Ω–æ–≥–æ —Å–º–∞—Ä—Ç—Ñ–æ–Ω–∞","There is everything you need for a modern smartphone"
"—à—É—Å—Ç—Ä—ã–π ,–±—ã—Å—Ç—Ä—ã–π –ø–æ–∫–∞ –≤—Å–µ –Ω–æ—Ä–º–∞","nimble, fast so far everything is the norm"
"10 ++++","10 ++++"
"—Ö–æ—Ä–æ—à–∏–π –≤–∞—Ä–∏–∞–Ω—Ç –¥–ª—è —Å–≤–æ–∏—Ö –¥–µ–Ω–µ–≥","good option for your money"
"–û—Ç–ª–∏—á–Ω—ã–π—Ö —Ç–µ–ª–µ—Ñ–æ–Ω","Excellent phone"
"üëçüëçüëç—Å—É–ø–µ—Ä “ì–æ","üëçüëçüëçssper-"
"”©—Ç–µ —ã“£“ì–∞–π–ª—ã –∂–µ“£—ñ–ª “õ–∞—Ç—Ç—ã “±–Ω–∞–¥—ã","Lightweight Lightweight"
"–Ω–æ—Ä–º–∞–ª—å–Ω—ã–π","normal"
"–¢—è–∂–µ–ª—ã–π –≤ —É–ø—Ä–∞–≤–ª–µ–Ω–∏–∏","Heavy in management"
"—Ö–æ—Ä–æ—à–∏–π —Å–º–∞—Ä—Ç—Ñ–æ–Ω","Good smartphone"
"–û—Ç–ª–∏—á–Ω—ã–π —Å–º–∞—Ä—Ç—Ñ–æ–Ω 5","Great smartphone 5"
"–•–æ—Ä–æ—à–∏–π —Ç–µ–ª–µ—Ñ–æ–Ω","Good phone"
"–¶–µ–Ω–∞","Price"
"–±—ã—Å—Ç—Ä–æ—Ç–∞","rapidity"
"–ø—Ä–æ—Å—Ç–æ —Å—É–ø–µ—Ä —Ä–µ–±—ë–Ω–æ–∫ –æ—á–µ–Ω—å —Ä–∞–¥","just a super child is very happy"
"–ö–æ–Ω—Å—É–ª—å—Ç–∞–Ω—Ç —Å—É–ø–µ—Ä","Consultant super"
"–ñ–∞“õ—Å—ã —Å–æ—Ç–∫–∞,“±–Ω–∞–¥—ã “õ—ã–∑—ã–º–∞,“õ–æ–ª –∂–µ—Ç—ñ–º–¥—ñ.—Ä–∞—Ö–º–µ—Ç —Ç–µ—Ö–Ω–æ–¥–æ–º“ì–∞","A good court, liked my daughter, available. To Technodom"
"–ö–ª–∞—Å—Å–Ω—ã–π —Ç–µ–ª–µ—Ñ–æ–Ω, –ø–æ–∫—É–ø–∞–ª–∏ –æ—Ç—Ü—É","Cool phone, bought a father"
"–í–Ω–∞—á–∞–ª–µ –∫–∞–∑–∞–ª–æ—Å—å —á—Ç–æ —É–ø—Ä–∞–≤–ª–µ–Ω–∏–µ —Ç—è–∂–µ–ª–æ. –Ω–æ –Ω–µ—Ç –æ–∫–∞–∑—ã–≤–∞–µ—Ç—Å—è –Ω–∞–¥–æ –ø—Ä–æ—Å—Ç–æ 1 –¥–µ–Ω—å –ø–æ—Å–∏–¥–µ—Ç—å –∏ –∏–∑—É—á–∏—Ç—å —Ç–µ–ª–µ—Ñ–æ–Ω. –æ–ø—Ä–∞–≤–¥–∞–ª –æ–∂–∏–¥–∞–Ω–∏—è
–¥–∏–∑–∞–π–Ω –ø—Ä–∏—Ç—è–≥–∞—Ç–µ–ª—å–Ω—ã–π. —Ü–≤–µ—Ç —Å–µ—Ä–µ–±—Ä–∏—Å—Ç—ã–π –¥–∞–µ—Ç","At first it seemed that the management seemed difficult. But no, it turns out you just need to sit for 1 day and study the phone. He met expectations. The design is attractive. Silver color gives"
"—Ü–µ–Ω–∞ –∫–∞—á–µ—Å—Ç–≤–æ —Å–æ–æ—Ç–≤–µ—Ç—Å—Ç–≤—É–µ—Ç","Price quality corresponds"
"–≤—Å–µ –æ—Ç–ª–∏—á–Ω–æ","Everything is fine"
"—Ç–µ–ª–µ—Ñ–æ–Ω —à—É—Å—Ç—Ä—ã–π, –æ—Ç–ª–∏—á–Ω–æ —Ä–∞–±–æ—Ç–∞–µ—Ç","The phone is nimble, works fine"
"–Ω–æ–≤—ã–π —Å–æ—Ç–∫–∞—Å—ã–Ω–∞  —Ä–∏–∑–∞ “õ—ã–∑—ã–º","My daughter pleased with the story of the story"
"–æ—Ç–ª–∏—á–Ω–æ üëç","Excellent ‚ô•"
"–ö—Ä—É—Ç–æ","Cool"
"–û—Ç–ª–∏—á–Ω—ã–π —Ç–µ–ª–µ—Ñ–æ–Ω, –¥–∞–≤–Ω–æ —Ö–æ—Ç–µ–ª–∞.","Great phone, I wanted to."
"–¥–µ—à–µ–≤–æ. –ø–æ–ª–Ω—ã–π –∫–æ–º–ø–ª–µ–∫—Ç","cheap. Full set"
"–•–æ—Ä–æ—à–∏–π —Ç–µ–ª–µ—Ñ–æ–Ω –ø–æ–∫—É–ø–∞–ª –º–∞–º–µ –µ—ë –≤—Å—ë —É—Å—Ç—Ä–∞–∏–≤–∞–µ—Ç","A good phone bought her mother everything suits her"
"–ê–ø–∞–º–∞ –∞–ª“ì–∞–Ω–º—ã–Ω. –î–∞—É—ã—Å—ã —Å—Ç–µ—Ä–µ–æ, –∞–Ω—ã“õ –µ—Å—Ç—ñ–ª–µ–¥—ñ, –±–∞“ì–∞—Å—ã–Ω–∞ —Å–∞–π.","I have received a sister. The voice sounds stereo, clearly, according to the price."
"–ñ–∞“õ—Å—ã —Å–º–∞—Ä—Ç—Ñ–æ–Ω. 11 –∂–∞—Å—Ç–∞“ì—ã –±–∞–ª–∞–º–∞ “±–Ω–∞–¥—ãüëç, “õ–∞—Ç–ø–∞–π–¥—ã —Ç–µ–∑ –∑–∞—Ä—è–¥—Ç–∞–ª–∞–¥—ã –µ–∫–µ–Ω.","A good smartphone. I liked an alternative to an 11-year-old, does not solve quickly."
"–Ω–∞ –≤–∏–¥ –ø—Ä–∏–∫–æ–ª—å–Ω—ã–π. —Ä–∞–±–æ—Ç–∞–µ—Ç –≤—Ä–æ–¥–µ —à—É—Å—Ç—Ä–æ.","The appearance is cool. It seems like a furry."
"–û–¥–Ω–∏ —Ç–æ–ª—å–∫–æ –ø–ª—é—Å—ã","Only pluses"
"–•–æ—Ä–æ—à–∏–π","Good"
"–∑–≤—É–∫ –Ω–µ –æ—á–µ–Ω—å. —Ñ–æ—Ç–æ —Ä–∞–∑–º—ã—Ç—ã–µ –≤ –Ω–æ—á–Ω–æ–π —Å—ä—ë–º–∫–µ. —Ç–æ—Ä–º–æ–∑–∏—Ç –ø—Ä–∏ –Ω–æ—á–Ω–æ–π —Å—ä—ë–º–∫–µ","The sound is not very. Photo blurred in night shooting. brakes at night shooting"
"—Ç–æ–∂–µ —Ö–æ—Ä–æ—à, –ø–æ —Å–≤–æ–µ–º—É.","Also good, in its own way."
"—Ö–æ—Ä–æ—à–∏–π","good"
"–†–∞–±–æ—Ç–∞–µ—Ç —à—É—Å—Ç—Ä–æ –æ—á–µ–Ω—å, —Ö–æ—Ä–æ—à–∏–π —ç–∫—Ä–∞–Ω, –∑–∞—Ä—è–¥ –¥–µ—Ä–∂–∏—Ç –¥–æ—Å—Ç–æ–π–Ω–æ, –¥–ª—è —Ä–µ–±–µ–Ω–∫–∞ –∏–ª–∏ —Ä–∞–±–æ—Ç—ã —Ç–æ, —á—Ç–æ –Ω—É–∂–Ω–æ","It works quickly a very good screen, the charge holds with dignity, for the child or work what needs"
"–ö–µ—Ä–µ–º–µ—Ç","Miracle"
"–¢–µ–ª–µ—Ñ–æ–Ω –∫–ª–∞—Å—Å–Ω—ã–π,—É–¥–æ–±–Ω—ã–π –≤ –∏—Å–ø–æ–ª—å–∑–æ–≤–∞–Ω–∏–∏,–Ω–µ –≤–∏—Å–Ω–µ—Ç,–∑–∞—Ä—è–¥–∫—É –¥–µ—Ä–∂–∏—Ç –¥–æ–ª–≥–æ.–†–µ–∫–æ–º–µ–Ω–¥—É—é","The phone is cool, convenient to use, does not hang, holds exercises for a long time. I recommend"
"–ö–ª–∞—Å—Å–Ω–∞—è","Cool"
"–æ—Ç–ª–∏—á–Ω—ã–π —Å–º–∞—Ä—Ç—Ñ–æ–Ω","Great smartphone"
"—Ö–æ—Ä–æ—à–∏–π –∂–µ–Ω–µ –ø–æ–Ω—Ä–∞–≤–∏–ª—Å—è","I liked the good wife"
"–•–æ—Ä–æ—à–æ —Ä–∞–±–æ—Ç–∞–µ—Ç, –¥–∞–∂–µ –Ω–µ –∑–∞–≤–∏—Å–∞–µ—Ç)","It works well, does not even freeze)"
"–ë–∞–ª–∞–º–∞ “±–Ω–∞–¥—ã –∫“Ø—à—Ç—ñ —Å–º–∞—Ä—Ç—Ñ–æ–Ω","Alternative loved a strong smartphone"
"–∫–æ–º–ø–∞–∫—Ç–Ω—ã–π,—à—É—Å—Ç—Ä—ã–π,–æ—Ç–ª–∏—á–Ω—ã–π —ç–∫—Ä–∞–Ω,–æ—á–µ–Ω—å —É–¥–æ–±–Ω—ã–π –≤ —Ä—É–∫–µ,–æ—á–µ–Ω—å —Å–∏–º–ø–∞—Ç–∏—á–Ω—ã–π!","Compact, nimble, excellent screen, very convenient in the hand, very nice!"
"–ø–æ—á–µ–º—É —Ç–æ –Ω–µ –¥–∞–ª–∏ –≥–∏—Ñ—Ç –±–æ–∫—Å –æ—Ç –æ–ø–ø–æ, —Ö–æ—Ç—è –æ–Ω —Å—Ç–æ—è–ª –Ω–∞ –≤–∏—Ç—Ä–∏–Ω–µ. –æ—á–µ–Ω—å –æ–≥–æ—Ä—á–∏–ª–æ","For some reason, they did not give a gift box from the opposition, although he stood in the window. Very upset"
"—à—É—Å—Ç—Ä—ã–π","nimble"
"–•–æ—Ä–æ—à","Good"
"–æ—Ç–ª–∏—á–Ω–æ–µ –∫–∞—á–µ—Å—Ç–≤–æ —Ç–µ–ª–µ—Ñ–æ–Ω–∞, –æ—Ç–ª–∏—á–Ω–∞—è –∫–∞–º–µ—Ä–∞, —Ö–æ—Ä–æ—à–∏–π —Ç–µ–ª–µ—Ñ–æ–Ω —Å–æ–≤–µ—Ç—É—é –ø–æ–∫—É–ø–∞—Ç—å –≤—Å–µ –≤ —Ç–µ—Ö–Ω–æ–¥–æ–º–µ.","Great phone quality, excellent camera, I advise you to buy everything in the technodoma."
"super","super"
"—Ö–æ—Ä–æ—à–∏–π —Ç–µ–ª–µ—Ñ–æ–Ω –ª—É—á—à–µ –°–∞–º—Å—É–Ω–≥","good phone better samsung"
"–∫–∞–º–µ—Ä–∞ —Å–ª–∞–±–æ–≤–∞—Ç–∞","chamber the weak"
"–ø–∞–º—è—Ç—å","memory"
"–∂–∞–∫—Å—ã
–ª–µ–∂–∏—Ç –≤ —Ä—É–∫–µ","jackets. Lies in the hand"
"–∫–ª–∞—Å—Å–Ω—ã–π —Ç–µ–ª–µ—Ñ–æ–Ω","Cool phone"
"–ë—ã—Å—Ç—Ä–æ–µ –ø–æ–ª—É—á–µ–Ω–∏–µ —Ç–æ–≤–∞—Ä–∞","Fast receipt of goods"
"–æ—á–µ–Ω—å —Ö–æ—Ä–æ—à–æ–µ —Ç–µ–ª–µ—Ñ–æ–Ω!","Very good phone!"
"—Ç–æ–ª—å–∫–æ —Ü–µ–Ω–∞","Only the price"
"–æ—Ç–ª–∏—á–Ω—ã–π —Ç–µ–ª–µ—Ñ–æ–Ω –±—Ä–∞–ª–∞ –Ω–∞ –ø–æ–¥–∞—Ä–æ–∫, –∏–º–µ–Ω–∏–Ω–Ω–∏–∫ –¥–æ–≤–æ–ª–µ–Ω","I took a great phone for a gift, the birthday person is satisfied"
"—Ö–æ—Ä–æ—à–∏–π üëç —Ç–µ–ª–µ—Ñ–æ–Ω","Good ~ phone"
"–ö–∞–º–µ—Ä–∞
–ó–≤—É–∫
–ù–∞—á–∏–Ω–∫–∞","Camera. Sound. Filling"
"–¶–µ–Ω–∞, –∫–∞—á–µ—Å—Ç–≤–æ –∏ —Ö–∞—Ä–∞–∫—Ç–µ—Ä–∏—Å—Ç–∏–∫–∞","Price, quality and characteristic"
"–ë—ã—Å—Ç—Ä—ã–π ,—à—É—Å—Ç—Ä—ã–π, –æ—á–µ–Ω—å —É–¥–æ–±–Ω—ã–π, –º–Ω–æ–≥–æ —Ñ—É–Ω–∫—Ü–∏–∏, –º–æ–∂–Ω–æ —Å–∫–∞—á–∞—Ç—å –≥—É–≥–ª –ø–ª—ç–π","Fast, nimble, very convenient, many functions, you can download Google Playy"
"–æ—Ç–ª–∏—á–Ω—ã–π —Å–º–∞—Ä—Ç—Ñ–æ–Ω –¥–ª—è —Ç–∞–∫–æ–π —Ü–µ–Ω—ã","Great smartphone for such a price"
"–ö—É–ø–∏–ª –¥–ª—è —Ä–µ–±–µ–Ω–∫–∞, –æ—á–µ–Ω—å –Ω—Ä–∞–≤–∏—Ç—Å—è, –µ—Å—Ç—å —á–µ—Ö–æ–ª –≤ –∫–æ–º–ø–ª–µ–∫—Ç–µ –∏ –ø–ª–µ–Ω–∫–∞ –Ω–∞ —ç–∫—Ä–∞–Ω–µ","I bought it for a child, I really like it, there is a cover in the kit and a film on the screen"
"–ü–∞–ø–∞–≥–∞ —Å–º–∞—Ä—Ç—Ñ–æ–Ω —É–Ω–∞–¥—ã","The pope smartphone cars"
"—à–∏–∫","chic"
"–æ—Ç–ª–∏—á–Ω–æ üëå","Excellent üëå"
"—É–¥–æ–±–Ω—ã–π","comfortable"
"–ë—ã—Å—Ç—Ä–∞—è –∑–∞—Ä—è–¥–∫–∞, —à—É—Å—Ç—Ä—ã–π, –ª—ë–≥–∫–∏–π –∏ –∫–æ–º–ø–∞–∫—Ç–Ω—ã–π.","Fast charging, nimble, light and compact."
"–∫—É–ø–∏–ª 3 –¥–Ω—è –Ω–∞–∑–∞–¥ –ø–æ–∫–∞ –≤—Å–µ –æ—Ç–ª–∏—á–Ω–æ, —Å–ø–∞—Å–∏–±–æ –∫–∞—Å–ø–∏–∏","I bought 3 days ago, while everything is fine, thanks to the Caspian"
"–®–∏–∫–∞—Ä–Ω—ã–π —Å–º–∞—Ä—Ç—Ñ–æ–Ω! –ö–∞—á–µ—Å—Ç–≤–æ, –≥–∞–±–∞—Ä–∏—Ç—ã, –ø—Ä–æ–∏–∑–≤–æ–¥–∏—Ç–µ–ª—å–Ω–æ—Å—Ç—å –Ω–∞ –≤—ã—Å—à–µ–º —É—Ä–æ–≤–Ω–µ!","Gorgeous smartphone! Quality, dimensions, performance at the highest level!"
"–ø–ª–æ—Ö–æ–µ –∫–∞—á–µ—Å—Ç–≤–æ –≤–∏–¥–µ–æ –ø—Ä–∏ –ø—Ä–æ—Å–º–æ—Ç—Ä–µ –≤ –ª—é–±–æ–π —Å–æ—Ü —Å–µ—Ç–∏. –æ–±–º–µ–Ω—è—Ç—å –∏ –≤–µ—Ä–Ω—É—Ç—å –Ω–µ–ª—å–∑—è","Poor video quality when viewing on any social network. You can‚Äôt exchange and return"
"—Ç–µ–ª–µ—Ñ–æ–Ω –ø—É—à–∫–∞","Phone gun"
"–ø—Ä–æ—Ü–µ—Å—Å–æ—Ä, –∫–∞–º–µ—Ä–∞, —Ñ—É–Ω–∫—Ü–∏–∏","processor, camera, functions"
"—Ö–æ—Ä–æ—à–µ–µ –æ–±—Å–ª—É–∂–∏–≤–∞–Ω–∏–µ –ü–í–ó, –æ—Ç–ª–∏—á–Ω—ã–π —Ç–µ–ª–µ—Ñ–æ–Ω","Good PVZ maintenance, great phone"
"—Å—É–ø–µ—Ä","super"
"–ß–µ—Ç–∫–∏–π, –º—É–∂ –¥–æ–≤–æ–ª–µ–Ω, –±–µ–∑ –ª–∏—à–Ω–∏—Ö —Å–ª–æ–≤ –∞–π—Ñ–æ–Ω –µ—Å—Ç—å –∞–π—Ñ–æ–Ω üòç","Clear, my husband is satisfied, without further words, an iPhone is an iPhone?"
"–ü—Ä–∏–µ—Ö–∞–ª —Ä–∞—Å–ø–µ—á–∞—Ç–∞–Ω–Ω—ã–π –∏ –±–µ–∑ –ø–ª—ë–Ω–æ–∫","I arrived printed and without films"
"–ø–æ–∫–∞ –Ω–µ—Ç","Not yet"
"–û–±–æ–ª–æ—á–∫–∞, —Å–∫–æ—Ä–æ—Å—Ç—å —Ä–∞–±–æ—Ç—ã, –∫–∞–º–µ—Ä–∞","Shell, speed, camera"
"—Å—Ç–∏–ª—å–Ω—ã–π –¥–∏–∑–∞–π–Ω","Stylish design"
"–∑–∞—Ä—è–¥–∫–∞ –¥–æ–ª–≥–∞ –¥–µ—Ä–∂–∞—Ç—å –∑–∞–≤–∏—Å–∏–º–æ –æ—Ç –∏—Å–ø–æ–ª—å–∑–æ–≤–∞–Ω–∏–µ –∏–Ω—Ç–µ—Ä–Ω–µ—Ç–∞","Charging debt to keep the Internet"
"–•–æ—Ä–æ—à–∏–π —Ç–µ–ª–µ—Ñ–æ–Ω 
–ú–æ–∂–Ω–æ —Ä–∏—Å–æ–≤–∞—Ç—å –° –ø–æ–º–æ—â—å—é —Å—Ç–∏–ª—É—Å–∞ 
–ì–µ—Ä—Ü–æ–≤–∫–∞ —Ö–æ—Ä–æ—à–∞—è —ç–∫—Ä–∞–Ω –±–æ–ª—å—à–æ–π","Good phone . Can be drawn using a stylus . The duke is a good screen big screen"
"–ñ–∞“õ—Å—ã –∫–µ—Ä–µ–º–µ—Ç","Well well"
"–¢–µ–ª–µ—Ñ–æ–Ω –ø–æ–Ω—Ä–∞–≤–∏–ª—Å—è —Å—ã–Ω—É.","My son liked the phone."
"–û—á–µ–Ω—å —É–¥–æ–±–Ω–æ –ø–æ–ª—å–∑–æ–≤–∞—Ç—å—Å—è","It is very convenient to use"
"—Ö–æ—Ä–æ—à–∏–π —Ç–µ–ª–µ—Ñ–æ–Ω","Good phone"
"–¢–æ–ª—å–∫–æ –¥–æ—Å—Ç–æ–∏–Ω—Å—Ç–≤–∞","Only advantages"
"10–∏–∑ 10","100ase 10"
"–°–∞–ø–∞—Å—ã –∂–∞“õ—Å—ã –±–∞—Ç–∞—Ä–µ—è—Å—ã “±–∑–∞“õ“õ–∞ –∂–µ—Ç–µ–¥—ñ –¥–∞—É—Å—ã —Å—Ç–µ—Ä–µ–æ –∞–ª—É“ì–∞ –∫–µ“£–µ—Å –±–µ—Ä–µ–º—ñ–Ω.","I recommend that you get a good quality of the quality of the quality of the quality."
"–ë—ã—Å—Ç—Ä—ã–π, —Ç–æ–Ω–∫–∏–π","Fast, thin"
"—Ö–æ—Ä–æ—à–æ —Ä–∞–±–æ—Ç–∞–µ—Ç","It works well"
"–ø–æ —Ü–µ–Ω–µ –∏ –∫–∞—á–µ—Å—Ç–≤—É –ø—Ä–µ–∫—Ä–∞—Å–µ–Ω","The price and quality is beautiful"
"—Ç–µ–º–∞","Topic"
"–°—É–ø–µ—Ä","Super"
"–ù–µ–ø–ª–æ—Ö–æ–π","Not bad"
"–ü–æ–∫—É–ø–∞–ª–∏ —Å—ã–Ω—É 10 –ª. –†–µ–±–µ–Ω–æ–∫ –¥–æ–≤–æ–ª–µ–Ω –Ω–µ –∑–∞–≤–∏—Å–∞–µ—Ç –±—ã—Å—Ç—Ä–æ –∑–∞—Ä—è–∂–∞–µ—Ç—Å—è –∏ –Ω–∞ –¥–æ–ª–≥–æ —Ö–≤–∞—Ç–∞–µ—Ç.  –†–µ–±–µ–Ω–æ–∫ –±—ã—Å—Ç—Ä–æ —Å–∫–∞—á–∞–ª –≤—Å–µ –Ω—É–∂–Ω—ã –∏–≥—Ä—ã.","Bought a son 10 liters. The child is satisfied does not freeze quickly and is enough for a long time.  The child quickly downloaded all games."
"–ö—Ä–∞—Å–∏–≤—ã–π –∏ —É–¥–æ–±–Ω—ã–π –¥–∏–∑–∞–π–Ω","Beautiful and convenient design"
"–•–æ—Ä–æ—à–∏–π —Å–º–∞—Ä—Ç—Ñ–æ–Ω –¥–ª—è —Å–≤–æ–µ–π —Ü–µ–Ω—ã. –õ–µ–≥–∫–∏–π, —à—É—Å—Ç—Ä—ã–π, —É–º–Ω—ã–π.","Good smartphone for your price. Light, nimble, smart."
"–ó–∞ 189900 —Ö–æ—Ä–æ—à–∏–π —Ç–µ–ª–µ—Ñ–æ–Ω","For 189900 a good phone"
"–ü–æ–∫–∞ –Ω–µ –∑–∞–º–µ—Ç–∏–ª","I have not noticed yet"
"–ö–∞—á–µ—Å—Ç–≤–æ —Å–±–æ—Ä–∫–∏, –±–æ–ª—å—à–µ–µ –∫–æ–ª–∏—á–µ—Å—Ç–≤–æ –æ–±–Ω–æ–≤–ª–µ–Ω–∏–∏ –æ–ø–µ—Ä–∞—Ü–∏–æ–Ω–Ω–æ–π —Å–∏—Å—Ç–µ–º—ã, —Å–∞–º—ã–π –Ω–∞–¥—ë–∂–Ω—ã–π –±—Ä–µ–Ω–¥","Assembly quality, more update the operating system, the most reliable brand"
"–ª–µ–≥–∫–∏–π, —É–¥–æ–±–Ω—ã–π –≤ –∏—Å–ø–æ–ª—å–∑–æ–≤–∞–Ω–∏–∏! —Ä–µ–∫–æ–º–µ–Ω–¥—É—é","Easy, convenient to use! I recommend"
"–û—á–µ–Ω—å —É–¥–æ–±–Ω—ã–π, –±–∞—Ç–∞—Ä–µ—è –¥–µ—Ä–∂–∏—Ç –∑–∞—Ä—è–¥–∫—É –æ—á–µ–Ω—å –¥–æ–ª–≥–æ. –ó–∞—Ä—è–¥–Ω–æ–µ —É—Å—Ç—Ä–æ–π—Å—Ç–≤–æ –≤ –∫–æ–º–ø–ª–µ–∫—Ç–µ –±—ã—Å—Ç—Ä–æ –∑–∞—Ä—è–∂–∞–µ—Ç —Ç–µ–ª–µ—Ñ–æ–Ω!üëåüëçüèªüëçüèª","Very convenient, the battery holds exercises for a very long time. The charger in the kit quickly charges the phone!"
"–û—á–µ–Ω—å —Ö–æ—Ä–æ—à–∏–π —Ç–µ–ª–µ—Ñ–æ–Ω üëçüèªüëçüèª","Very good phone ~"
"—Ö–æ—Ä–æ—à–∏–π —Ç–µ–ª–µ—Ñ–æ–Ω –∑–∞ —Ç–∞–∫—É—é —Ü–µ–Ω—É üëç","good phone for such a price"
"–¢–µ—Ö–Ω–æ–¥–æ–º –≤ –ö–∞—Å–∫–µ–ª–µ–Ω–µ —Å–∞–º—ã–π –ª—É—á—à–∏–π","Technodom in Caskelene is the best"
"—Ö–æ—Ä–æ—à–∏–π —Ç–µ–ª–µ—Ñ–æ–Ω. –Ω–µ —Ä–∞–±–æ—Ç–∞–µ—Ç –∞ –ª–µ—Ç–∞–µ—Ç. –ø–æ–Ω—Ä–∞–≤–∏–ª–∞—Å—å —Ñ–æ—Ç–æ –∏ –≤–∏–¥–µ–æ —Å—ä—ë–º–∫–∞. –±—ã—Å—Ç—Ä–æ –∑–∞—Ä—è–∂–∞–µ—Ç—Å—è –∏ —Ö–æ—Ä–æ—à–æ –¥–µ—Ä–∂–∏—Ç –±–∞—Ç–∞—Ä–µ—é.","Good phone. does not work but flies. I liked the photo and video shooting. It quickly charges and holds the battery well."
"–ø—Ä–∏–≤–∏–∑–ª–∏ —Ç–µ–ª–µ—Ñ–æ–Ω —Å –≤–µ—Ç—Ä–∏–Ω—ã —Å –¥–µ—Ñ–µ–∫—Ç–∞–º–∏","Faced the phone from the windbreaker with defects"
"–£–¥–æ–±–Ω—ã–π —Ç–µ–ª–µ—Ñ–æ–Ω.  –°–ª–æ–∂–∏–ª –∏ –≤ –∫–∞—Ä–º–∞–Ω–µ –∏–ª–∏ —Å—É–º–∫–µ –º–∞–ª–æ –º–µ—Å—Ç–æ –∑–∞–Ω–∏–º–∞–µ—Ç. –¥–æ–≤–æ–ª—å–Ω–æ —à—É—Å—Ç—Ä—ã–π –∏ –∫–∞–º–µ—Ä–∞ –æ—Ç–ª–∏—á–Ω–∞—è.","Convenient phone.  He folded and in his pocket or bag takes up little place. Pretty nimble and the camera is excellent."
"–æ—á–µ–Ω—å —Ö–æ—Ä–æ—à–∏–π —Ç–µ–ª–µ—Ñ–æ–Ω,–Ω–µ –ª–∞–≥–∞–µ—Ç,—Ö–æ—Ä–æ—à–∞—è –∫–∞–º–µ—Ä–∞,—à—É—Å—Ç—Ä—ã–π —Ç–µ–ª–µ—Ñ–æ–Ω","A very good phone, does not lag, a good camera, a nimble phone"
"–¢–µ–ª–µ—Ñ–æ–Ω –∑–∞–º–µ—á–∞—Ç–µ–ª—å–Ω—ã–π, –æ—Å–æ–±–µ–Ω–Ω–æ –º—É–ª—å—Ç–∏–∫–∞–¥—Ä –ø—Ä–æ—Å—Ç–æ —à–∏–∫. –ö–∞–º–µ—Ä–∞ –æ—Ç–ª–∏—á–Ω–∞—è","The phone is wonderful, especially the multicide is just chic. The camera is excellent"
"—Ç–æ–≤–∞—Ä —Å–∞–º –ø–æ —Å–µ–±–µ —Ö–æ—Ä–æ—à–∏–π","The product itself is good"
"–º–∞“ì–∞–Ω “±–Ω–∞–¥—ã –±–∞–ª–∞–º–∞ –∞–ª–¥—ã–º —Å—Ä–∞—â—É 2 —à—Ç","I liked my alternative to the story 2"
"–∂–∞“õ—Å—ã,—ã“£“ì–∞–π–ª—ã, –∂–µ—Ç–∫—ñ–∑—É—ñ –Ω–æ—Ä–º","good, convenient, delivery norm"
"–õ—É—á—à–∏–π –∑–∞ —Ç–∞–∫–∏–µ –¥–µ–Ω—å–≥–∏","Best for that kind of money"
"–•–æ—Ä–æ—à–∏–π –¥–∏—Å–ø–ª–µ–π, —á–µ—Ç–∫–∞—è –∫–∞—Ä—Ç–∏–Ω–∫–∞ –∏ –¥–æ—Å—Ç–æ–π–Ω—ã–µ —Ñ–æ—Ç–æ–≥—Ä–∞—Ñ–∏–∏, –±–æ–ª—å—à–æ–π –∑—É–º (–∫–∞–∫ –ø–æ –º–Ω–µ –∫–∞—á–µ—Å—Ç–≤–æ —Ñ–æ—Ç–æ –ø—Ä–∏ –º–∞–∫—Å–∏–º–∞–ª—å–Ω–æ–º –Ω–µ —Å–∏–ª –Ω–æ —à–∞–∫–∞–ª–∏—Ç—Å—è), —Ö–æ—Ä–æ—à–∏–π usb type-c –ø—Ä–æ–≤–æ–¥, —Ö–æ—Ä–æ—à–∞—è –∞–≤—Ç–æ–Ω–æ–º–Ω–æ—Å—Ç—å","A good display, a clear picture and worthy photos, a big zoom (as for me, the quality of the photo with maximum is not the strength but waggers), a good USB Type-C wire, good autonomy"
"—Ö–æ—Ä–æ—à–∏–π —Å–º–∞—Ä—Ç—Ñ–æ–Ω –∑–∞ —Å–≤–æ—é —Ü–µ–Ω—É.","Good smartphone for its price."
"–•–æ—Ä–æ—à–æ","Fine"
"—Ç–µ–ª–µ—Ñ–æ–Ω —Å—É–ø–µ—Ä","The phone is super"
"–¢–∞–∫–∏–µ –≤–æ–∑–º–æ–∂–Ω–æ—Å—Ç–∏ –∑–∞ —Ç–∞–∫—É—é –ø—Ä–∏–µ–º–ª–µ–º—É—é —Å—É–º–º—Éüëç","Such opportunities for such an acceptable amount"
"–¢–µ–ª–µ—Ñ–æ–Ω —Å—É–ø–µ—Ä!","SUPER!"
"—Å–æ—Ç–æ–≤—ã–π –∫–ª–∞—Å—Å–Ω—ã–π!","Cellular cell!"
"–ó–∞—Ä–∏–Ω–∞ –ª—É—á—à–∏–π —Å–æ—Ç—Ä—É–¥–Ω–∏–∫ —Ç–µ—Ö–Ω–æ–¥–æ–º–∞","Zarina is the best employee of the Technodoma"
"–ù–æ—Ä–º–∞–ª—å–Ω–æ —Ä–∞–±–æ—Ç–∞–µ—Ç  –∞–Ω–¥—Ä–æ–∏–¥ –Ω–µ –∑–∞–≤–∏—Å–∞–µ—Ç","Android does not freeze normally"
"–∫–ª–∞—Å—Å–Ω—ã–π ‚≠ê‚≠ê‚≠ê‚≠ê‚≠ê","Cool ‚≠ê‚≠ê‚≠ê‚≠ê‚≠ê"
"–¶–µ–Ω–∞-–∫–∞—á–µ—Å—Ç–≤–æ","Price-quality"
"—à—É—Å—Ç—Ä—ã–π, –≤—Å–µ –ø–æ–Ω—Ä–∞–≤–∏–ª–æ—Å—å. –ö–∞–º–µ—Ä–∞ —Ö–æ—Ä–æ—à–∞—è.","Nimble, I liked everything. The camera is good."
"–ù–µ—Ç","No"
"–ù–µ–ø–ª–æ—Ö–∞—è —Å–∫–æ—Ä–æ—Å—Ç—å,—É–¥–æ–±–Ω—ã–π –∏–Ω—Ç–µ—Ä—Ñ–µ–π—Å","Good speed, convenient interface"
"–ö–ª–∞—Å—Å–Ω—ã–π —Ç–µ–ª–µ—Ñ–æ–Ω","Cool phone"
"–∫–∞–º–µ—Ä–∞‚úäüî•","Camera‚úäüî•"
"–ê–ª–¥—ã–Ω –∞–ª–∞ —Å—ã–π–ª—ã“õ“õ–∞ –∞–ª“ì–∞–Ω –µ–¥—ñ–º. –ö”©“£—ñ–ª—ñ–Ω–µ–Ω —à—ã“ì–∞–¥—ã –¥–µ–ø –æ–π–ª–∞–π–º—ã–Ω.","I had a pre-gift. I don't think they will please."
"—à—É—Å—Ç—Ä—ã–π —É–¥–æ–±–Ω—ã–π","Nimble convenient"
"–û—á–µ–Ω—å —Ö–æ—Ä–æ—à–∏–π —Ç–µ–ª–µ—Ñ–æ–Ω","Very good phone"
"–ö–∞–º–µ—Ä–∞","Camera"
"—Ü–µ–Ω–∞","price"
"Cool","Cool"
"–∫—Ä–∞—Å–∏–≤—ã–π","Beautiful"
"–ø–æ–Ω—Ä–∞–≤–∏–ª—Å—è –±–µ—Ä–∏—Ç–µ –Ω–µ –ø–æ–∂–∞–ª–µ–µ—Ç–µ","I liked it, take it will not regret"
"—Ç–µ–ª–µ—Ñ–æ–Ω –æ—á–µ–Ω—å –ø–æ–Ω—Ä–∞–≤–∏–ª—Å—è, –∫–∞–º–µ—Ä–∞, –∏–∑–æ–±—Ä–∞–∂–µ–Ω–∏–µ üëç","I really liked the phone, camera, image #"
"–ö–∞–º–µ—Ä–∞ —Ö–æ—Ä–æ—à–∞—è –¥–ª—è —Ñ–æ—Ç–æ, —Å—Ç–∏–ª—å –¥–∏–∑–∞–π–Ω —Ç–µ–ª–µ—Ñ–æ–Ω–∞ –æ—Ç–ª–∏—á–Ω—ã–π, —Å–±–æ—Ä–∫–∞ —Ç–µ–ª–µ—Ñ–æ–Ω–∞ –∏ —Ö–∞—Ä–∞–∫—Ç–µ—Ä–∏—Å—Ç–∏–∫–∏ –æ—Ç–ª–∏—á–Ω—ã–π, 90–≥—Ü –ø–ª–∞–≤–Ω–æ—Å—Ç—å —ç–∫—Ä–∞–Ω–∞, –¥–æ–ø. –§—É–Ω–∫—Ü–∏–æ–Ω–∞–ª –º–æ–Ω—Ç–∞–∂ –∏ —Ç.–¥ –∫–∞–∫ –æ —Ñ–ª–∞–≥–º–∞–Ω honor 90 –Ω—É —É—Ä–µ–∑–∞–ª–∏ –º–Ω–æ–≥–æ —á–µ–≥–æ","The camera is good for the photo, the phone design is excellent, the phone assembly and the characteristics are excellent, 90Hz smooth screen, additional. Functionality installation, etc., as a flagship Honor 90, well, cut a lot of things"
"–æ—Ç–ª–∏—á–Ω—ã–π —Å–º–∞—Ä—Ç—Ñ–æ–Ω –≤—Å–µ–º —Å–æ–≤–µ—Ç—É—é—É","Great smartphone I advise everyone"
"–∫—É–ø–∏–ª–∞ –∑–∞ 90000 –∞ —á–µ—Ä–µ–∑ –Ω–µ–¥–µ–ª—é –æ–Ω —Å—Ç–∞–ª 60000","bought for 90,000 and a week later it became 60,000"
"–ù–æ—Ä–º–∞–ª—å–Ω–æ","Fine"
"–∑–∞—Ä—è–∂–∞–µ—Ç—Å—è –º–≥–Ω–æ–≤–µ–Ω–Ω–æ –∏ –¥–µ—Ä–∂–∏—Ç –∑–∞—Ä—è–¥ 
—Å—ã–Ω –≤—ã–±—Ä–∞–ª —Å–µ–±–µ –æ—á–µ–Ω—å –Ω—Ä–∞–≤–∏—Ç—Å—è","charges instantly and holds the charge . The son chose himself very much"
"–ö—Ä–∞—Å–∏–≤—ã–π –¥–∏–∑–∞–π–Ω, —à—É—Å—Ç—Ä—ã–π, –Ω–µ–æ–±—ã—á–Ω—ã–π","Beautiful design, nimble, unusual"
"–Ω–æ—Ä–º–∞–ª—å–Ω–æ —Ä–∞–±–æ—Ç–∞–µ—Ç","It works fine"
"–∫–∞–º–µ—Ä–∞, –±–∞—Ç–∞—Ä–µ—è, –º–æ—â—å, —Å–∞–º–æ–µ –≥–ª–∞–≤–Ω–æ–µ –º–æ–±–∏–ª—å–Ω–∞—è —Å–≤—è–∑—å","camera, battery, power, most importantly mobile communications"
"–°—É–ø–µ—Ä –≤—Å–µ –æ—Ç–ª–∏—á–Ω–æ","Super everything is fine"
"–†–∞–±–æ—Ç–æ–π —Ç–µ–ª–µ—Ñ–æ–Ω–∞ –¥–æ–≤–æ–ª—å–Ω–∞.","I am satisfied with the phone‚Äôs work."
"—Å—Ç–∏–ª—å–Ω—ã–π, –º–æ—â–Ω—ã–π,–∫—Ä—É—Ç–æ–π","Stylish, powerful, cool"
"–∫–ª–∞—Å—Å–Ω–æ","Great"
"–ü–æ–∫—É–ø–∞–ª–∏ –¥–æ—á–µ—Ä–∏ –≤ –ø–æ–¥–∞—Ä–æ–∫. –ü–æ–¥–∞—Ä–æ–∫ –±—ã–ª –æ—Ü–µ–Ω—ë–Ω. üëç","Bought daughters as a gift. The gift was estimated. ‚ô•"
"–ü–æ–∫–∞ –∑–Ω–∞–∫–æ–º–ª—é—Å—å","So far I am meeting"
"–û—Ç–ª–∏—á–Ω–æ —Ä–∞–±–æ—Ç–∞–µ—Ç, –≤—Å—ë –Ω—Ä–∞–≤–∏—Ç—Å—è","It works fine, I like everything"
"–ü–æ–∫–∞ –Ω–æ—Ä–º","So far, the norms"
"–ò–Ω—Ç–µ—Ä–µ—Å–Ω—ã–π magic black. –ó–∞—Ä—è–¥–∫–∞ supercharge 68w, –Ω–∞ –¥–æ–∫–µ 15w. –ó–≤—É–∫ JBL","Interesting Magic Black. Charging Supercharge 68W, on the dock 15W. JBL sound"
"–≤–∑—è–ª —Å—ã–Ω—É, –≤ –ø–æ–ª–Ω–æ–µ –¥–æ–≤–æ–ª–µ–Ω","I took my son, in full satisfied"
"–ö–∞—á–µ—Å—Ç–≤–æ –Ω–∞ –≤—ã—Å—à–µ–º —É—Ä–æ–≤–Ω–µ","High -level quality"
"–±—ã—Å—Ç—Ä–æ","fast"
"–°–º–∞—Ä—Ç—Ñ–æ–Ω Redmi 14C 8/256GB –¢–∏–ø –º–∞—Ç—Ä–∏—Ü—ã IPS LCD  –ù–æ—Ä–º–∞–ª—å–Ω—ã–π —Ç–µ–ª–µ—Ñ–æ–Ω","Smartphone Redmi 14c 8/256gb type of matrix IPS LCD normal phone"
"–ö–ª–∞—Å—Å–Ω—ã–π –≥–∞–¥–∂–µ—Ç, –ø–æ–∫–∞ –Ω–µ –∂–∞–ª–µ—é","Cool gadget until I regret"
"–û—Ç–ª–∏—á–Ω—ã–π —Ç–µ–ª–µ—Ñ–æ–Ω, –æ—á–µ–Ω—å —à—É—Å—Ç—Ä—ã–π, —Ö–æ—Ä–æ—à–∞—è –∫–∞–º–µ—Ä–∞, –æ—Ç–ª–∏—á–Ω–∞—è –ø–∞–º—è—Ç—å, –Ω–µ –∫–∞–∂–¥—ã–π —Ç–µ–ª–µ—Ñ–æ–Ω –∑–∞ —ç—Ç—É —Ü–µ–Ω—É –º–æ–∂–µ—Ç –ø—Ä–µ–¥–ª–æ–∂–∏—Ç—å 256 –≥–∏–≥–∞–±–∞–π—Ç, –∏ –µ—â–µ 5g –ø–æ–¥–¥–µ—Ä–∂–∏–≤–∞–µ—å","An excellent phone, very nimble, good camera, excellent memory, not every phone can offer 256 gigabytes for this price, and 5G more support"
"–•–æ—Ä–æ—à–∏–π —Å–∞–º—É–Ω–≥, –±–∞—Ç–∞—Ä–µ–π–∫—É –¥–µ—Ä–∂–∏—Ç –æ—Ç–ª–∏—á–Ω–æ. –§–æ—Ç–∏–∫ —Ö–æ—Ä–æ—à–∏–π. –ó–∞ —Ç–∞–∫—É—é —Ü–µ–Ω—É –∏—Å–∫–∞–ª —Ç–æ–ª—å–∫–æ —Ä–∞–¥–∏ –º–∞—Ç—Ä–∏—Ü—ã –≤ –±—é–¥–∂–µ—Ç–Ω–æ–º —Å–µ–≥–º–µ–Ω—Ç–µ, –æ–∫–∞–Ω—Ç–æ–≤–∫–∞ –º–µ—Ç–∞–ª, —Å–∑–∞–¥–∏ –ø–ª–∞—Å—Ç–∏–∫. –®–∏—Ä–æ–∫–∏–µ —Ä–∞–º–∫–∏, –ø—Ä–∏–ª–æ–∂–µ–Ω–∏—è —Å–∞–º—Å—É–Ω–≥–∞ –º–æ–∂–Ω–æ —É–±—Ä–∞—Ç—å, –Ω–æ –æ—Ç–∫–ª—é—á–∏—Ç—å –Ω–µ—Ç. –†–∞–∑–±–ª–æ–∫–∏—Ä–æ–≤–∫–∞ –ª–∏—Ü–æ–º —ç–∫—Ä–∞–Ω–∞ –¥–æ–≤–æ–ª—å–Ω–æ –±—ã—Å—Ç—Ä–∞—è, —Å–µ–Ω—Å–æ—Ä —Ä–∞–∑–±–ª–æ–∫–∏—Ä–æ–≤–∫–∏ –Ω–∞ —ç–∫—Ä–∞–Ω–µ –Ω–µ –æ—á–µ–Ω—å —É–¥–æ–±–Ω–æ–µ –º–µ—Å—Ç–æ.","Good samung, holds the battery perfectly. The fotik is good. For such a price, I was looking only for the sake of the matrix in the budget segment, the edging of the metal, the plastic is behind. A wide framework, Samsung applications can be removed, but not disconnected. Unlocking the screen of the screen is quite fast, the unlock sensor on the screen is not a very convenient place."
"–û—Ç–ª–∏—á–Ω—ã–π —Ç–µ–ª–µ—Ñ–æ–Ω! –ö–∞—á–µ—Å—Ç–≤–µ–Ω–Ω—ã–π –∏ –¥–æ—Å—Ç—É–ø–Ω—ã–π!","Great phone! High -quality and affordable!"
"–¢–µ–ª–µ—Ñ–æ–Ω –ø—Ä–æ—Å—Ç–æ —Å—É–ø–µ—Ä —É–¥–æ–±–Ω—ã–π –º–Ω–µ –ø–æ–Ω—Ä–∞–≤–∏–ª—Å—è —Ç–µ–ø–µ—Ä—å –≤–µ—Å—å —Ç–æ–≤–∞—Ä –±—É–¥—É –±—Ä–∞—Ç—å —É –≤–∞—Å —Å–ø–∞—Å–∏–±–æ","The phone is just super convenient, I liked it now I will take all the goods from you"
"–°–∞–º–∞—è —à–∏–∫–∞—Ä–Ω–∞—è –º–æ–¥–µ–ª—å","The most gorgeous model"
"—Ö–æ—Ä–æ—à–∏–π —Ç–æ–≤–∞—Ä","Good goods"
"suoer","suoer"
"—Ç–µ–ª–µ—Ñ–æ–Ω –ª–µ–≥–∫–∏–π –∏ —É–¥–æ–±–Ω—ã–π, –∫–∞–º–µ—Ä–∞üëç","The phone is light and comfortable, camera"
"–û—Ç–ª–∏—á–Ω—ã–π —Ç–µ–ª–µ—Ñ–æ–Ω","Great phone"
"–í–∑—è–ª–∞ —Ä–µ–±–µ–Ω–∫—É,–Ω–µ—É–±–∏–≤–∞–µ–º—ã–π —Ç–µ–ª–µ—Ñ–æ–Ωüòé","I took the child, an indestructible phoneüòé"
"–ë–∞–ª–∞–º–∞ —É–Ω–∞–¥—ã","An alternate UN"
"–ë–æ–¥—Ä—ã–π –∞–ø–ø–∞—Ä–∞—Ç, –¥–æ–≤–æ–ª–µ–Ω","A peppy apparatus, satisfied"
"–ö—É–ø–∏–ª–∞ –≤–∏—Ç—Ä–∏–Ω–Ω—ã–π –≤–∞—Ä–∏–∞–Ω—Ç. –î–æ—Å—Ç–∞–≤–∏–ª–∏ —Ç–µ–ª–µ—Ñ–æ–Ω –±–µ–∑ –æ—Ç–∫–ª—é—á–µ–Ω–∏—è –î–µ–º–æ–Ω—Å—Ç—Ä–∞—Ü–∏–æ–Ω–Ω–æ–≥–æ —Ä–µ–∂–∏–º–∞ Retail mode. –ü—Ä–∏ –æ–±—Ä–∞—â–µ–Ω–∏–∏ –Ω–∞ –≥–æ—Ä—è—á—É—é –ª–∏–Ω–∏—é –±—ã–ª –æ—Ç–≤–µ—Ç —á—Ç–æ –¥–æ–∑–≤–æ–Ω–∏—Ç—å—Å—è –≤ —Ñ–∏–ª–∏–∞–ª –ê–∫—Ç–æ–±–µ –Ω–µ–≤–æ–∑–º–æ–∂–Ω–æ. –ü—Ä–µ–¥–ª–æ–∂–∏–ª–∏ –∏–¥—Ç–∏ –≤ –º–∞–≥–∞–∑–∏–Ω. –í–æ–ø—Ä–æ—Å: –∑–∞—á–µ–º –º–Ω–µ –ª–∏—à–Ω–∏–µ –ø—Ä–æ–±–ª–µ–º—ã? –û–±—É—á–∞–π—Ç–µ —Ä–∞–±–æ—Ç–Ω–∏–∫–æ–≤ –ø–æ–¥–≥–æ—Ç–∞–≤–ª–∏–≤–∞—Ç—å –≥–∞–¥–∂–µ—Ç—ã –ø–µ—Ä–µ–¥ –æ—Ç–ø—Ä–∞–≤–∫–æ–π –∫–ª–∏–µ–Ω—Ç—É!","I bought a window option. They delivered a phone without disconnecting the Retail Mode demonstration mode. When contacting a hot line, there was an answer that it is impossible to reach the Aktobe branch. They offered to go to the store. Question: Why do I need extra problems? Teach employees to prepare gadgets before sending the client!"
"—Ö–æ—Ä–æ—à–∏–π –≤–æ–¥–æ–Ω–∞–≥—Ä–µ–≤–∞—Ç–µ–ª—å","Good water heater"
"—Å–º–∞—Ä—Ç—Ñ–æ–Ω —Å—Ç–æ–∏—Ç —Å–≤–æ–∏—Ö –¥–µ–Ω–µ–≥","Smartphone costs its money"
"–ú–Ω–µ –≤—Å–µ –Ω—Ä–∞–≤–∏—Ç—Å—è, –æ—Ç–ª–∏—á–Ω—ã–π —Ç–µ–ª–µ—Ñ–æ–Ω","I like everything, great phone"
"400","400"
"–û—Ç–ª–∏—á–Ω–æ–≥–æ –∫–∞—á–µ—Å—Ç–≤–∞ —Å–º–∞—Ä—Ç—Ñ–æ–Ω","Great quality smartphone"
"–∫–ª–∞—Å","class"
"–∫–∞–º–µ—Ä–∞ —Ö–æ—Ä–æ—à–∞—è —à—É—Å—Ç—Ä—ã–π —Ç–µ–ª–µ—Ñ–æ–Ω","camera good nimble phone"
"–ê–π—Ñ–æ–Ω –µ—Å—Ç—å –∞–π—Ñ–æ–Ω","There is an iPhone"
"–í—Å–µ —Å—É–ø–µ—Ä —Å–ø–∞—Å–∏–±–æ –±–æ–ª—å—à–æ–µ","All super thank you very much"
"–ò—è","Have"
"–∫–∞–º–µ—Ä–∞ –æ—Ç–ª–∏—á–Ω–æ —Å–Ω–∏–º–∞–µ—Ç, –±–∞—Ç–∞—Ä–µ—è   —Ö–æ—Ä–æ—à–∞—è. –î–∏–∑–∞–π–Ω üëç","The camera takes off perfectly, the battery is good. Design ‚ô•"
"–°–ø–∞—Å–∏–±–æ –º–µ–Ω–µ–¥–∂–µ—Ä—É –ò–ª—å–µ!","Thanks to the manager Ilya!"
"–í—Å—ë –æ—Ç–ª–∏—á–Ω–æ","Everything is fine"
"–∑–¥—Ä–∞–≤—Å—Ç–≤—É–π—Ç–µ —Ç–µ–ª–µ—Ñ–æ–Ω ‚òé –æ—á–µ–Ω—å üëç","Hello phone ‚òé Very #"
"–û—Ç–ª–∏—á–Ω—ã–π —Ç–µ–ª–µ—Ñ–æ–Ω –¥–ª—è —Ä–µ–±–µ–Ω–∫–∞ —Å–∞–º–æ–µ —Ç–æ üëç","Great phone for the child is the most"
"–≠–∫—Ä–∞–Ω –∏ –ø—Ä–æ—Ü–µ—Å—Å–æ—Ä","Screen and processor"
"–ü—Ä–æ–¥–∞–ª–∏ –ø–æ —Å–∫–∏–¥–∫–µ –¥–µ–º–æ–Ω—Å—Ç—Ä–∞—Ü–∏–æ–Ω–Ω—É—é –º–æ–¥–µ–ª—å, –≤–∏—Ç—Ä–∏–Ω–Ω—ã–π —Ç–µ–ª–µ—Ñ–æ–Ω, –Ω —á–µ–≥–æ –Ω–µ –æ–±—å—è—Å–Ω–∏–≤, —Ç–æ —á—Ç–æ  —Ç–∞–∫–æ–π –º–æ–¥–µ–ª—å—é –Ω–µ–ª—å–∑—è –ø–æ–ª—å–∑–æ–≤–∞—Ç—å—Å—è. –í—Å–µ –ø–æ—Å–ª–µ–¥—Å—Ç–≤–∏—è –æ—Ç —Ç–∞–∫–æ–≥–æ –ø—Ä–∏–æ–±—Ä–µ—Ç–µ–Ω–∏—è —è –¥—É–º–∞—é –≤—Å–µ–º –ø–æ–Ω—è—Ç–Ω—ã, —Å–ø–ª–æ—à–Ω—ã–µ –Ω–µ–ø—Ä–∏—è—Ç–Ω–æ—Å—Ç–∏ –∏ –ø–æ–º–µ–Ω—è—Ç—å –∏–∑ –∑–∞ ""—Å–∏—Å—Ç–µ–º–Ω–æ–π –ø—Ä–æ–±–ª–µ–º—ã"" –Ω–µ –º–µ–Ω—è—é—Ç","They sold at a discount a demonstration model, a window telephone, but without explaining, that such a model cannot be used. I think all the consequences from such an acquisition are clear to everyone, continuous troubles and change due to the ""system problem"" do not change"
"–æ—á–µ–Ω—å —Ö–æ—Ä–æ—à–∏–π —Ç–µ–ª–µ—Ñ–æ–Ω –ø–æ –≤—Å–µ–º –ø–∞—Ä–∞–º–µ—Ç—Ä–∞–º, –≥—É–≥–ª –ø–æ–¥–¥–µ—Ä–∂–∏–≤–∞–µ—Ç, –±–∞—Ç–∞—Ä–µ—è –¥–µ—Ä–∂–∏—Ç –∑–∞—Ä—è–¥ —Ö–æ—Ä–æ—à–æ, –∫–∞–º–µ—Ä–∞ –ª—É—á—à–µ —á–µ–º —É —Å–∞–º—Å—É–Ω–≥–∞ –∏ –∞–π—Ñ–æ–Ω–∞, –¥–æ —ç—Ç–æ–≥–æ –ø–æ–ª—å–∑–æ–≤–∞–ª—Å—è –∏ —Å–∞–º—Å—É–Ω–≥–æ–º –∏ –∞—Ñ–π—Ñ–æ–Ω–æ–º, —Å–∫–∞–∑–∞—Ç—å —á–µ—Å—Ç–Ω–æ —Ö—É–∞—Ñ–µ–π —É–¥–∏–≤–∏–ª —Å–≤–æ–∏–º–∏ –Ω–∞–≤–æ—Ä–æ—Ç–∞–º–∏!","A very good phone in all parameters, Google supports, the battery holds the charge well, the camera is better than that of Samsung and iPhone, before that he used Samsung and Afyphon, to say honestly Juafey surprised his bells with his bells and whistles!"
"–®—É—Å—Ç—Ä–æ —Ä–∞–±–æ—Ç–∞–µ—Ç, 120–≥—Ü —ç–∫—Ä–∞–Ω–∞ –≤—ã–¥–∞—é—Ç –ø–ª–∞–≤–Ω—É—é –∫–∞—Ä—Ç–∏–Ω–∫—É –ø—Ä–∏ —Å–∫—Ä–æ–ª–ª–∏–Ω–≥–µ.","It works furiously, 120Hz screen gives a smooth picture for scrolling."
"–æ—Ç–µ –∂–∞–∫—Å—ã —Ç–µ–ª–µ—Ñ–æ–Ω –±–∞–≥–∞—Å—ã –∞—Ä–∑–∞–Ω –±–æ–ª—Å–∞–¥–∞ —Å–∞–ø–∞—Å—ã –∂–∞–∫—Å—ã –æ–π—ã–Ω –±–∞—Ä–∏–Ω –∫–æ—Ç–µ—Ä–µ–¥–∏üëçüèªüëçüèªüëçüèª","The quality of the phone is cheap to have a cheap quality Game Barin Code"
"–±—ã—Å—Ç—Ä–æ –æ–±—Å–ª—É–∂–∏–ª–∏","quickly served"
"–≠–∫—Ä–∞–Ω, –∂–∞–¥—ã –º”©–ª—à–µ—Ä—ñ, –∞–∫–∫—É–º—É–ª—è—Ç–æ—Ä","Screen, memory size, battery"
"–ø–æ–∫–∞ –Ω–µ—Ç—É—É","Netu"
"–æ—Ñ–∏–≥–µ–Ω–Ω—ã–π —Ç–µ–ª–µ—Ñ–æ–Ω , —Ü–µ–Ω–∞ —Ö–∞—Ä–∞–∫—Ç–µ—Ä–∏—Å—Ç–∏–∫–∏ , —Å–≤—è–∑—å –ª–æ–≤–∏—Ç –ª—É—á—à–µ —á–µ–º Samsung s23 ultra. –ü–∏—à—É –ø–æ—Ç–æ–º—É —á—Ç–æ –±—ã–ª –°–∞–º—Å—É–Ω–≥","Awesome phone, the price of the characteristics, the connection catches better than the Samsung S23 Ultra. I write because there was Samsung"
"–ë–æ–ª—å—à–∞—è –ø–∞–º—è—Ç—å, –ø—Ä–æ—á–Ω—ã–π —ç–∫—Ä–∞–Ω","Large memory, durable screen"
"—Ö–æ—Ä–æ—à–∏–π, –±—ã—Å—Ç—Ä—ã–π —Ç–µ–ª–µ—Ñ–æ–Ω. –ë—Ä–∞–ª–∞ —Å—ã–Ω—É –Ω–∞ –ø–æ–¥–∞—Ä–æ–∫, –¥–æ–≤–æ–ª–µ–Ω, –≤—Å–µ –∏–≥—Ä—ã —Ç—è–Ω–µ—Ç.","Good, fast phone. I took my son for a gift, satisfied, all the games are pulling."
"–¢–µ–ª–µ—Ñ–æ–Ω –æ—Ç–ª–∏—á–Ω—ã–π , –º–Ω–µ –æ—á–µ–Ω—å –ø–æ–Ω—Ä–∞–≤–∏–ª–æ—Å—å","The phone is excellent, I really liked it"
"–æ—Ç–ª–∏—á–Ω–æ —Ä–∞–±–æ—Ç–∞–µ—Çüëç","It works fine"
"–í—Å–µ —Ö–æ—Ä–æ—à–æ","Everything is fine"
"–ú–Ω–µ –Ω—Ä–∞–≤–∏—Ç—Å—è","I like"
"–ñ–∞“õ—Å—ã —Ç–µ–ª–µ—Ñ–æ–Ω","A good phone"
"–ü—Ä–æ—Å—Ç–æ–π","Simple"
"—Ç–µ–ª–µ—Ñ–æ–Ω —Ö–æ—Ä–æ—à–∏–π , —Ä–µ–∫–æ–º–µ–Ω–¥—É—é üòä","The phone is good, I recommend üòä"
"—Ç–µ–ª–µ—Ñ–æ–Ω —Ö–æ—Ä–æ—à–∏–π","The phone is good"
"–£–∂–µ –µ—Å—Ç—å —á–µ—Ö–æ–ª, –∫–∞–º–µ—Ä–∞ —Ö–æ—Ä–æ—à–∞—è –æ—Å–Ω–æ–≤–Ω–∞—è –∏ —Ñ—Ä–æ–Ω—Ç–∞–ª—å–Ω–∞—è, –¥–∏–Ω–∞–º–∏–∫ –º–æ—â–Ω—ã–π, –ø–∞–º—è—Ç—å 64 –ì —Ä–∞–¥—É–µ—Ç, —Ö–æ—Ä–æ—à–∏–π —Å–º–∞—Ä—Ç—Ñ–æ–Ω","There is already a cover, the camera is good main and front, powerful speaker, 64 g of the memory, good smartphone"
"–Ω–µ—Ç","No"
"–û—á–µ–Ω—å –Ω—Ä–∞–≤–∏—Ç—Å—è —Ç–µ–ª–µ—Ñ–æ–Ω, –∫–∞—á–µ—Å—Ç–≤–µ–Ω–Ω—ã–π –∑–≤—É–∫, –∫–∞–º–µ—Ä–∞ —Å—É–ø–µ—Ä, —É–¥–æ–±–µ–Ω –≤ –∏—Å–ø–æ–ª—å–∑–æ–≤–∞–Ω–∏–∏!","I really like the phone, high -quality sound, the camera is super, convenient to use!"
"–õ—ë–≥–∫–∏–π, –±—ã—Å—Ç—Ä—ã–π –≤ –ø–µ—Ä–µ–º–µ—â–µ–Ω–∏–∏ –∏ –∑–∞–≥—Ä—É–∑–∫–∞—Ö","Light, fast in movement and loading"
"–õ—É—á—à–∏–π —Å–º–∞—Ä—Ç—Ñ–æ–Ω 2025 –≥–æ–¥–∞","The best smartphone 2025"
"–£–∞–∫—ã—Ç—ã–Ω–Ω–∞–Ω –µ—Ä—Ç–µ –∫–µ–ª–¥–∏ —Ä–∞—Ö–º–µ—Ç—Ç—Çü•∞","Okane came to Rahmet"
"–ö–ª–∞—Å—Å–Ω–∞—è –Ω–æ–≤–∞—è –º–æ–¥–µ–ª—å. —Ö–æ—Ä–æ—à–æ –¥–µ—Ä–∂–∏—Ç –∑–∞—Ä—è–¥. –î–∏–∑–∞–π–Ω –Ω–∞ 5+","Cool new model. Holds the charge well. Design at 5+"
"–°–ª–∞–±—ã–π —Ç–µ–ª–µ—Ñ–æ–Ω","Weak phone"
"–ñ–∞“õ—Å—ã —Å–∞–ø–∞—Å—ã ”©—Ç–µ –∫—É—à—Ç—ñ","A very good quality of good quality"
"–Ω–æ—Ä–º–∞","norm"
"–∫—Ä–∞—Å–∏–≤—ã–π —Ü–≤–µ—Ç,
–∫–∞—á–µ—Å—Ç–≤–æ –∏–∑–æ–±—Ä–∞–∂–µ–Ω–∏—è üëç","Beautiful color,. Image quality #"
"–ù–µ—Ç—É","No"
"–•–æ—Ä–æ—à–∏–π —Ç–µ–ª–µ—Ñ–æ–Ω –∑–∞ —Ç–∞–∫—É—é —Ü–µ–Ω—É","Good phone for such a price"
"–†–∞–±–æ—Ç–∞–µ—Ç —Ö–æ—Ä–æ—à–æ","It works well"
"—Å–º–∞—Ä—Ç—Ñ–æ–Ω—ã OPPO —Å–∞–º—ã–µ –ª—É—á—à–∏–µ ü•≥","Oppo smartphones are the best ü•≥"
"–æ—Ç–ª–∏—á–Ω—ã–π —Ç–æ–≤–∞—Ä.–£–¥–æ–±–Ω—ã–π.–Ø—Ä–∫–∏–π —ç–∫—Ä–∞–Ω.–û—Ç–ª–∏—á–Ω–æ —Ä–∞–±–æ—Ç–∞–µ—Ç","Great goods. Active. Fire screen. Excessively works"
"–°—É–ø–µ—Ä, –æ—Ç–ª–∏—á–Ω—ã–π –¥–∏–∑–∞–π–Ω, –∏–¥–µ–∞–ª—å–Ω–æ –¥–ª—è –º–µ–Ω—è","Super, great design, perfect for me"
"–ù–æ—Ä–º —Ç–∞–∫ —Å–µ–±–µ","The norms so yourself"
"–Ω–∞ –¥–µ–Ω—å –±–∞—Ç–∞—Ä–µ–π–∫–∏ —Å–ø–æ–∫–æ–π–Ω–æ —Ö–≤–∞—Ç–∞–µ—Ç","There is calmly enough battery for a day"
"—Ä–∞–±–æ—Ç–∞–µ—Ç —Ö–æ—Ä–æ—à–æ","It works well"
"–æ–¥–Ω–æ–∑–Ω–∞—á–Ω–æ —Å—Ç–æ–∏—Ç —Å–≤–æ–∏—Ö –¥–µ–Ω–µ–≥","definitely costs your money"
"–∫–∞—á–µ—Å—Ç–≤–æ –∫—Ä–∞—Å–æ—Ç–∞ —Å—Ç–∞–±–∏–ª—å–Ω–æ—Å—Ç—å","quality beauty stability"
"–ì—Ä–µ–µ—Ç—Å—è –±–∞—Ç–∞—Ä–µ–π–∫–∞","The battery is heated"
"–ö–ª–∞—Å—Å–Ω–æ","Cool"
"–ï—â—ë –Ω–µ –æ—Ç–∫—Ä—ã–≤–∞–ª; –ø–æ–¥–∞—Ä–æ–∫ –∂–µ–Ω–µ –Ω–∞ –¥–µ–Ω—å —Ä–æ–∂–¥–µ–Ω–∏—è, –Ω–æ —Ç–µ—Ö. –æ—Ç–∑—ã–≤—ã –æ–± –∞–ø–ø–∞—Ä–∞—Ç–µ –æ—Ç–ª–∏—á–Ω—ã–µ!","I have not yet opened it; A birthday gift for a birthday, but those. Reviews about the device are excellent!"
"–∫–ª–∞—Å—Å–Ω—ã–π –∏ —É–¥–æ–±–Ω—ã–π, –ø—Ä–æ—Å—Ç –≤ –æ–±—Ä–∞—â–µ–Ω–∏–∏. –¶–µ–Ω–∞ –æ–ø—Ä–∞–≤–¥—ã–≤–∞–µ—Ç –∫–∞—á–µ—Å—Ç–≤–æ.","Cool and convenient, easy to handle. The price justifies the quality."
"–ü–æ–π–¥–µ—Ç","It will go"
"–∫–∞–∑—ã—Ä–≥–µ –∂–∞“õ—Å—ã","good to the presence of"
"–†–∞–∑–º–µ—Ä –∏ –∫–∞—á–µ—Å—Ç–≤–æ","Size and quality"
"–•–æ—Ä–æ—à–∏–π —Ç–µ–ª–µ—Ñ–æ–Ω –∑–∞ —Å–≤–æ—é —Ü–µ–Ω—É","Good phone for your price"
"–ü—Ä–∏–æ–±—Ä–µ–ª–∞ —Ç–µ–ª–µ—Ñ–æ–Ω –≤ –¢–µ—Ö–Ω–æ–¥–æ–º–µ –ø–æ –ê–±—É–ª—Ö–∞–∏—Ä-—Ö–∞–Ω–∞ –ø–æ –∞–∫—Ü–∏–∏ —Å–æ–≤–º–µ—Å—Ç–Ω–æ —Å –ë–µ—Ä–µ–∫–µ –±–∞–Ω–∫–æ–º. –û–± –∞–∫—Ü–∏–∏ —Å–∫–∞–∑–∞–ª–∏ –≤ –º–∞–≥–∞–∑–∏–Ω–µ –∫–æ–Ω—Å—É–ª—å—Ç–∞–Ω—Ç—ã, —á—Ç–æ –±—É–¥–µ—Ç —Å–∫–∏–¥–∫–∞ 10% –∏  10% –∫—ç—à–±–µ–∫–∞ –Ω–∞ –∫–∞—Ä—Ç—É –±–∞–Ω–∫—É, –∞ —Ç–µ–ø–µ—Ä—å —É –±–∞–Ω–∫–∞ –≤—ã—è—Å–Ω—è–µ—Ç—Å—è, —á—Ç–æ –∫—ç—à–±—ç–∫ —É –Ω–∏—Ö –ª–∏–º–∏—Ç–Ω—ã–π 15—Ç—ã—Å—è—á, –Ω–æ –æ–± —ç—Ç–æ–º –≤ —É—Å–ª–æ–≤–∏—è—Ö –Ω–µ –≥–æ–≤–æ—Ä–∏–ª–æ—Å—å. –í–≤–µ–ª–∏ –≤ –∑–∞–±–ª—É–∂–µ–Ω–∏–µ, –∏–Ω—Ñ–æ—Ä–º–∞—Ü–∏—é –Ω–∞–¥–æ –¥–∞–≤–∞—Ç—å –ø–æ–ª–Ω—É—é —Ä–∞–∑ –ø—Ä–æ–≤–æ–¥–∏—Ç–µ —Ç–∞–∫–æ–≥–æ —Ä–æ–¥–∞ –∞–∫—Ü–∏–∏. –ñ–∞–ª–µ—é —á—Ç–æ –∫—É–ø–∏–ª–∞ —É –≤–∞—Å!","I purchased a phone in the technodom on Abulkhair Khan on the action together with Bereke Bank. Consultants said about the action that there would be a 10% discount and 10% of the cashback on the bank card, and now it turns out that they have a limit 15 thousand cashback, but this was not said in the conditions. Misleaded, information should be given the timely time to carry out such shares. I regret that I bought from you!"
"–ø–æ–Ω—Ä–∞–≤–∏–ª—Å—è —Ç–µ–ª–µ—Ñ–æ–Ω","I liked the phone"
"–ª—É—á—à–µ —á–µ–º s23 fe","Better than s23 Fe"
"–∫–µ—Ä–µ–º–µ—Ç –∫—ã–∑—ã–º–∞ —É–Ω–∞–¥—ã","The miracle of my daughter"
"–•–æ—Ä–æ—à–∏–π –∫–æ–Ω—Å—É–ª—å—Ç–∞–Ω—Ç","Good consultant"
"—Ö–æ—Ä–æ—à–∏–π —Ç–µ–ª–µ—Ñ–æ–Ω –∑–∞ —Å–≤–æ–∏ –¥–µ–Ω—å–≥–∏.","Good phone for your money."
"—Ä–∞—Ö–º–µ—Ç","thanks"
"–û—Ç–ª–∏—á–Ω–æ —Ä–∞–±–æ—Ç–∞–µ—Ç","It works fine"
"—É–Ω–∞–¥—ã","UN"
"–≠–∫—Ä–∞–Ω –∏ –≤–Ω–µ—à–Ω–æ—Å—Ç—å –∫–∞–∫ —É –∞–π—Ñ–æ–Ω–∞","Screen and appearance like an iPhone"
"“±–Ω–∞–¥—ã –∂–∞“õ—Å—ã —Ç–µ–ª–µ—Ñ–æ–Ω, –ø—Ä–æ–º–æ–∫–æ–¥–ø–µ–Ω –∞–ª–¥—ã–º —Ç–µ—Ö–Ω–æ–¥–æ–º“ì–∞ —Ä–∞—Ö–º–µ—Ç","liked a good phone, and I got a promo code thanks to Technodom"
"–•–æ—Ä–æ—à–∏–π –±—é–¥–∂–µ—Ç–Ω—ã–π —Å–º–∞—Ä—Ç—Ñ–æ–Ω","Good budget smartphone"
"–æ—á–µ–Ω—å —Ö–æ—Ä–æ—à–∏–π —Å–º–∞—Ä—Ç—Ñ–æ–Ω,–Ω–µ –ª–∞–≥–∞–µ—Ç –±—ã—Å—Ç—Ä–æ–∞ —Ä–∞–±–æ—Ç–∞–µ—Ç","Very good smartphone, does not lag quickly working"
"—Ç–æ–ª—å–∫–æ –ø–ª—é—Å—ã","Only pluses"
"–æ—Ç–ª–∏—á–Ω—ã–π —Ç–µ–ª–µ—Ñ–æ–Ω","Great phone"
"—Ö–æ—Ä–æ—à–∞—è –∫–∞–º–µ—Ä–∞, –±—ã—Å—Ç—Ä–∞—è –∑–∞—Ä—è–¥–∫–∞, –¥–∏–Ω–∞–º–∏–∫–∏ –≥—Ä–æ–º–∫–∏–µ, –±–æ–ª—å—à–∞—è –ø–∞–º—è—Ç—å, –Ω–µ –∑–∞–≤–∏—Å–∞–µ—Ç –≤ –∏–≥—Ä–∞—Ö –∏ —á–µ—Ö–æ–ª –≤ –∫–æ–º–ø–ª–µ–∫—Ç–µ - –æ—Ç–ª–∏—á–Ω—ã–π —Ç–µ–ª–µ—Ñ–æ–Ω –¥–ª—è —Ä–µ–±–µ–Ω–∫–∞!!! –ó–∞—Ä—è–¥–∞ –±–∞—Ç–∞—Ä–µ–∏ –ø—Ä–∏ –û–ß–ï–ù–¨ –∞–∫—Ç–∏–≤–Ω–æ–º –∏—Å–ø–æ–ª—å–∑–æ–≤–∞–Ω–∏–∏ —Ö–≤–∞—Ç–∞–µ—Ç –Ω–∞ —Ü–µ–ª—ã–π –¥–µ–Ω—å!","A good camera, fast charging, loud speakers, large memory, does not hang in games and a cover included - an excellent phone for a child !!! Battery charge with very active use is enough for the whole day!"
"–ø–∞–º—è—Ç—å, –ø—Ä–æ—Ü–µ—Å—Å–æ—Ä, –∫–∞–º–µ—Ä–∞","Memory, processor, camera"
"”®—Ç–µ –∂–∞“õ—Å—ã —Ç–µ–ª–µ—Ñ–æ–Ω. –ë—ñ–∑–≥–µ “±–Ω–∞–¥—ã","A very nice phone. We liked"
"–û—Ç–ª–∏—á–Ω—ã–π —Å–º–∞—Ä—Ç—Ñ–æ–Ω —Ä–∞–±–æ—Ç–∞–µ—Ç –±—ã—Å—Ç—Ä–æ.–ö–∞–º–µ—Ä—ã –ø—Ä–æ—Å—Ç–æ —Å—É–ø–µ—Ä.","Great smartphone works fast. Camers are just super."
"–≤—Å—ë –æ—Ç–ª–∏—á–Ω–æ!","Everything is fine!"
"–û—Ç–ª–∏—á–Ω—ã–π —Ç–µ–ª–µ—Ñ–æ–Ω, –∫—É–ø–∏–ª–∞ –¥–µ—Ç—è–º, –æ—á–µ–Ω—å —Ö–æ—Ä–æ—à–æ —Ä–∞–±–æ—Ç–∞–µ—Ç","Great phone, bought children, works very well"
"–°—É–ø–µ—Ä!","Super!"
"–ú–æ—â–Ω—ã–π —Å–º–∞—Ä—Ç—Ñ–æ–Ω","Powerful smartphone"
"”ò–∑—ñ—Ä—à–µ “õ–æ–ª–¥–∞–Ω–±–∞–¥—ã–º","I haven't used yet"
"—Ü–µ–Ω–∞/–∫–∞—á–µ—Å—Ç–≤–æ","price/quality"
"–ø–æ–∫–∞ –≤—Å–µ —É—Å—Ç—Ä–∞–∏–≤–∞–µ—Ç","So far, everything suits"
"–í—Å–µ –æ—Ç–ª–∏—á–Ω–æ üëç","Everything is fine ‚ô•"
"–≤—Å–µ —Å—É–ø–µ—Ä","Everything is super"
"–û—á–µ–Ω—å –∫–ª–∞—Å—Å–Ω—ã–π —Ç–µ–ª–µ—Ñ–æ–Ω","Very cool phone"
"–æ—Ç–ª–∏—á–Ω–æ —Ä–∞–±–æ—Ç–∞–µ—Ç üëçüòä","It works fine #üòä"
"–∫—É—à—Ç—ã","added"
"—Ü–µ–Ω–∞, –±–µ—Å–ø—Ä–æ–≤–æ–¥–Ω–∞—è –∑–∞—Ä—è–¥–∫–∞","Price, wireless charging"
"–•–æ—Ä–æ—à–∏–π —Ç–µ–ª–µ—Ñ–æ–Ω –¥–ª—è —Å–≤–æ–µ–π —Ü–µ–Ω—ã","Good phone for your price"
"–Ω–æ—Ä–º","norms"
"–•–æ—Ä–æ—à–∏–µ —Ç–µ–ª–µ—Ñ–æ–Ω –¥–ª—è —Å–≤–æ–µ–π —Å—É–º–º—ã","Good phone for their amount"
"–∫–ª–∞—Å—Å–Ω—ã–π","Cool"
"–ö–∞—á–µ—Å—Ç–≤–æ,  —Ü–µ–Ω–∞ , –ø—Ä–∞–∫—Ç–∏—á–Ω–æ—Å—Ç—å , –Ω–∞–¥—ë–∂–Ω–æ—Å—Ç—å","Quality, price, practicality, reliability"
"klass","klass"
"–∫–µ—Ä–µ–º–µ—Ç","miracle"
"—Ö–æ—Ä–æ—à–æ—ã–π —Ç–µ–ª","Good tel"
"–ø–æ–∫–∞ –Ω–æ—Ä–º–∞–ª—å–Ω–æ","So far, it‚Äôs normal"
"90–º—ã“£ —Ç–µ“£–≥–µ–≥–µ 5g","5G for 90 thousand tenge"
"–ú–µ–Ω –æ–π–ª–∞“ì–∞–Ω–Ω–∞–Ω–¥–∞ –∫“Ø—à—Ç—ñ","Is strong when I thought"
"–°–ø–∞—Å–∏–±–æ —Ö–æ—Ä–æ—à–æ —Ä–∞–±–æ—Ç–∞–µ—Ç 100%","Thanks works well 100%"
"–¢–µ–ª–µ—Ñ–æ–Ω –∂–∞–∫—Å—ã","Phone"
"–æ—Ç–ª–∏—á–Ω—ã–π","great"
"–æ—Ç–ª–∏—á–Ω–æ –¥–µ—Ä–∂–∏—Ç –∑–∞—Ä—è–¥, –∫–∞—á–µ—Å—Ç–≤–æ —Ñ–æ—Ç–æ–≥—Ä–∞—Ñ–∏–π –Ω–∞ –≤—ã—Å—à–µ–º —É—Ä–æ–≤–Ω–µ, –≤–∏–¥–µ–æ –æ–≥–æ–Ω—å","It holds the charge perfectly, the quality of photos at the highest level, video fire"
"100%","100%"
